id,first_name,last_name,email,gender,height_cm,weight_kg
1,Lucian,Gledhill,lgledhill0@ted.com,Male,148,51
2,Malinda,Pagan,mpagan1@cnn.com,Female,147,96
3,Borden,Swainger,bswainger2@cdbaby.com,Male,164,119
4,Ofilia,Bamsey,obamsey3@geocities.jp,Female,,52
5,Carleton,Bampforth,cbampforth4@skyrock.com,Male,162,57
6,Marlene,Chardin,mchardin5@bandcamp.com,Female,158,104
7,Sollie,Schubert,sschubert6@nyu.edu,Male,195,40
8,Datha,Cloute,dcloute7@vimeo.com,Female,143,92
9,Chanda,Giovannoni,cgiovannoni8@pcworld.com,Female,141,
10,Jerrold,Leile,jleile9@sun.com,Male,178,61
11,Gery,Snoxell,gsnoxella@skyrock.com,Male,164,54
12,Horst,Bewshea,hbewsheab@apache.org,Male,189,116
13,Wylie,Kowalski,wkowalskic@about.com,Male,180,80
14,Hugues,McCandless,hmccandlessd@soundcloud.com,Male,128,83
15,Helene,Kleinhandler,hkleinhandlere@earthlink.net,Female,146,56
16,Arlina,Shrimpling,ashrimplingf@dot.gov,Female,134,49
17,Nehemiah,Fosten,nfosteng@tripod.com,Male,165,117
18,Arda,Stansbie,astansbieh@nasa.gov,Female,183,86
19,Helen-elizabeth,Lammas,hlammasi@quantcast.com,Female,129,74
20,Cinderella,Rolfo,crolfoj@aol.com,Female,170,88
21,Aurea,McGonnell,amcgonnellk@behance.net,Female,135,68
22,Dalli,Varndell,dvarndelll@webs.com,Male,189,49
23,Mahalia,McCalum,mmccalumm@sbwire.com,Female,145,62
24,Miriam,McGivena,mmcgivenan@vistaprint.com,Female,180,92
25,Mahmoud,Kirwin,mkirwino@skyrock.com,Male,168,73
26,Noam,Gaspar,ngasparp@hostgator.com,Male,173,82
27,Ulrika,Pescud,upescudq@epa.gov,Female,186,
28,Ulla,Dalwood,udalwoodr@jugem.jp,Female,168,56
29,Hendrick,Stoyles,hstoyless@google.ca,Male,187,43
30,Junette,Boorer,jboorert@123-reg.co.uk,Female,147,111
31,Artemus,Gilpin,agilpinu@salon.com,Male,199,83
32,Shanna,Wrankmore,swrankmorev@theglobeandmail.com,Female,184,96
33,Osborne,Alston,oalstonw@youtu.be,Male,146,76
34,Mable,Sanney,msanneyx@epa.gov,Female,169,82
35,Vannie,Vasilchenko,vvasilchenkoy@sakura.ne.jp,Female,177,40
36,Delia,McKernon,dmckernonz@oaic.gov.au,Female,146,115
37,Bobbi,Scotfurth,bscotfurth10@mysql.com,Male,142,99
38,Isaac,Frayn,ifrayn11@goo.gl,Male,138,120
39,Marietta,Elverstone,melverstone12@google.com,Male,190,115
40,Mike,Greenough,mgreenough13@friendfeed.com,Male,168,
41,Arnuad,Moroney,amoroney14@state.tx.us,Male,183,117
42,Gay,Baldetti,gbaldetti15@phoca.cz,Male,180,96
43,Darleen,Meake,dmeake16@paginegialle.it,Female,144,120
44,Ches,Bardill,cbardill17@webnode.com,Male,165,73
45,Breanne,Fermor,bfermor18@un.org,Female,132,57
46,Zabrina,Wigzell,zwigzell19@xinhuanet.com,Female,174,48
47,Emilio,Phillip,ephillip1a@narod.ru,Male,181,56
48,Lia,Willett,lwillett1b@pinterest.com,Female,177,100
49,Cleopatra,Petow,cpetow1c@google.ca,Female,186,43
50,Jerad,Dillimore,jdillimore1d@ask.com,Male,161,45
51,Philip,Ghion,pghion1e@indiatimes.com,Male,185,74
52,Angele,Daal,adaal1f@privacy.gov.au,Female,183,73
53,Bertrando,Baignard,bbaignard1g@vk.com,Male,160,101
54,Laurence,Knox,lknox1h@craigslist.org,Male,188,118
55,Aggi,Kubal,akubal1i@clickbank.net,Female,180,120
56,Vick,Bodley,vbodley1j@google.com.br,Male,153,100
57,Rodrick,Iacovucci,riacovucci1k@foxnews.com,Male,163,74
58,Berny,Smitheram,bsmitheram1l@imgur.com,Female,160,95
59,Don,Fitt,dfitt1m@noaa.gov,Male,132,94
60,Bettine,Filppetti,bfilppetti1n@google.co.jp,,174,116
61,Elsey,Dumblton,edumblton1o@webs.com,Female,170,66
62,Natasha,Stoyle,nstoyle1p@samsung.com,Female,149,
63,Giraldo,Stodd,gstodd1q@dmoz.org,Male,193,46
64,Wally,Behrend,wbehrend1r@ask.com,Female,169,71
65,Pierson,Hayton,phayton1s@trellian.com,Male,149,84
66,Milissent,Oldacres,moldacres1t@ustream.tv,Female,191,47
67,Kermy,Magwood,kmagwood1u@furl.net,Male,190,101
68,Kelly,Petrashov,kpetrashov1v@163.com,Female,150,108
69,Gabriell,Sired,gsired1w@sakura.ne.jp,Female,140,117
70,Waylan,Dansie,wdansie1x@nsw.gov.au,,188,103
71,Corny,McCormack,cmccormack1y@delicious.com,Male,149,40
72,Brinna,Ellin,bellin1z@diigo.com,Female,149,84
73,Mortimer,Hallex,mhallex20@icq.com,Male,186,109
74,Henri,McIlenna,hmcilenna21@qq.com,Male,195,55
75,Vasily,Goakes,vgoakes22@prlog.org,Male,193,97
76,Leanor,Arnau,larnau23@archive.org,Female,196,58
77,Manda,Bycraft,mbycraft24@purevolume.com,Female,175,46
78,Fletch,Dearnley,fdearnley25@drupal.org,Female,195,100
79,Karlan,Saylor,ksaylor26@google.co.uk,Male,179,75
80,Elia,Sherratt,esherratt27@clickbank.net,Male,167,42
81,Wyn,Gilbank,wgilbank28@ox.ac.uk,Male,,67
82,Thebault,Ussher,tussher29@t.co,Male,189,56
83,Justinian,Studholme,jstudholme2a@blinklist.com,Male,144,87
84,Elvis,Keeting,ekeeting2b@webnode.com,Male,165,56
85,Romeo,Korneichuk,rkorneichuk2c@wiley.com,Male,146,105
86,Pancho,Rubie,prubie2d@myspace.com,Male,154,50
87,Nike,Alabaster,nalabaster2e@apple.com,Female,146,44
88,Cele,Taill,ctaill2f@mac.com,Female,139,110
89,Tudor,Brandoni,tbrandoni2g@oracle.com,Male,170,91
90,Frederica,Boolsen,fboolsen2h@ustream.tv,Female,193,111
91,Elyse,Varey,evarey2i@state.tx.us,Female,146,56
92,Delilah,Kirkland,dkirkland2j@state.tx.us,Female,173,52
93,Saul,Herculeson,sherculeson2k@gizmodo.com,Male,141,116
94,Cass,Tavernor,ctavernor2l@eepurl.com,Male,186,84
95,Tobe,Clifft,tclifft2m@ustream.tv,Female,134,95
96,Elden,Hunnawill,ehunnawill2n@msu.edu,Male,151,100
97,Guinevere,Simoni,gsimoni2o@com.com,Female,158,41
98,Fidelio,Bare,fbare2p@com.com,Male,184,49
99,Jed,Eloi,jeloi2q@weibo.com,Male,170,72
100,Alvy,Lanceley,alanceley2r@squarespace.com,Female,183,81
101,Eileen,Westrope,ewestrope2s@creativecommons.org,Female,199,51
102,Mellisa,Phette,mphette2t@whitehouse.gov,Female,126,73
103,Fifine,Stockall,fstockall2u@blogs.com,Female,186,64
104,Regine,Lumb,rlumb2v@feedburner.com,Female,156,77
105,Meredithe,Collyer,mcollyer2w@epa.gov,Female,147,51
106,Katheryn,Alstead,kalstead2x@topsy.com,Female,139,105
107,Averil,Gatty,agatty2y@nifty.com,Male,151,109
108,Reese,Woodrow,rwoodrow2z@weather.com,Male,172,103
109,Jamie,Campanelle,jcampanelle30@si.edu,Female,157,84
110,Duke,Gatman,dgatman31@imageshack.us,Male,134,81
111,Sarge,Magwood,smagwood32@altervista.org,Male,168,85
112,Essy,McLarnon,emclarnon33@dropbox.com,Female,167,119
113,Nessa,Eilhertsen,neilhertsen34@addtoany.com,Female,198,113
114,Edmund,Kloser,ekloser35@intel.com,Male,194,110
115,Ondrea,Siburn,osiburn36@wisc.edu,Female,165,89
116,Merralee,Cassella,mcassella37@biblegateway.com,Female,147,54
117,Jen,Domnin,jdomnin38@hibu.com,Female,162,53
118,Bryanty,Skull,bskull39@discovery.com,Male,198,64
119,Anissa,Marritt,amarritt3a@ox.ac.uk,Female,136,65
120,Jammal,Yole,jyole3b@mlb.com,Male,153,84
121,Farly,Sample,fsample3c@ft.com,Male,147,119
122,Ivar,Stothart,istothart3d@tamu.edu,Male,132,55
123,Dex,Ordidge,dordidge3e@economist.com,,153,70
124,Myrta,Yesenev,myesenev3f@imdb.com,Female,135,118
125,Glennis,Simenon,gsimenon3g@seattletimes.com,Female,173,84
126,Mame,Ivkovic,mivkovic3h@nasa.gov,Female,164,
127,Mirabel,Shrieve,mshrieve3i@berkeley.edu,Female,154,45
128,Nydia,Rosell,nrosell3j@jiathis.com,Female,146,116
129,Bibbye,Kinnock,bkinnock3k@psu.edu,Female,141,116
130,Rubina,Drinkall,rdrinkall3l@miibeian.gov.cn,Female,168,93
131,Freddie,Saich,fsaich3m@storify.com,Female,138,78
132,Isidoro,Finlay,ifinlay3n@typepad.com,Male,154,112
133,Henriette,Rodrigo,hrodrigo3o@wordpress.org,Female,162,75
134,Brit,Bentham,bbentham3p@ning.com,Male,184,42
135,Georgina,Lafayette,glafayette3q@reference.com,Female,172,89
136,Shurlocke,Leverington,sleverington3r@who.int,Male,131,92
137,Junie,Setch,jsetch3s@shareasale.com,Female,166,73
138,Lena,Redgewell,lredgewell3t@home.pl,Female,168,114
139,Aridatha,Cleverly,acleverly3u@cpanel.net,Female,166,98
140,Matti,Jerwood,mjerwood3v@smh.com.au,Female,156,50
141,Cathy,Josefson,cjosefson3w@parallels.com,,167,88
142,Frazer,Lambourne,flambourne3x@pinterest.com,Male,174,110
143,Burgess,Malenoir,bmalenoir3y@ebay.com,Male,168,
144,Ashton,McIlwrick,amcilwrick3z@reuters.com,Male,144,56
145,Maddie,McLelland,mmclelland40@timesonline.co.uk,Male,191,117
146,Karlen,Morphey,kmorphey41@simplemachines.org,Female,133,97
147,Newton,Whitcher,nwhitcher42@blogs.com,Male,155,54
148,Florina,Cubbini,fcubbini43@sun.com,Female,170,50
149,Elke,Kynton,ekynton44@accuweather.com,Female,133,55
150,Kira,Roath,kroath45@creativecommons.org,Female,129,85
151,Holden,McNalley,hmcnalley46@narod.ru,Male,127,84
152,Job,Guidotti,jguidotti47@woothemes.com,Male,133,95
153,Missy,Wardle,mwardle48@acquirethisname.com,Female,159,66
154,Cullen,Flood,cflood49@canalblog.com,Male,150,50
155,Robers,Tromans,rtromans4a@unesco.org,Male,137,63
156,Anastasie,Bebbington,abebbington4b@usnews.com,Female,159,92
157,Hannah,Brimham,hbrimham4c@gmpg.org,Female,175,88
158,Mala,Clohessy,mclohessy4d@squarespace.com,Female,181,43
159,Salomo,Hardage,shardage4e@amazonaws.com,Male,189,78
160,Kissiah,Southby,ksouthby4f@mit.edu,Female,132,107
161,Caryl,Dybbe,cdybbe4g@people.com.cn,Female,189,57
162,Maury,Heakins,mheakins4h@java.com,Male,141,81
163,Andriette,Rutland,arutland4i@a8.net,Female,170,46
164,Donall,Schulke,dschulke4j@elpais.com,Male,165,51
165,Anatollo,Debell,adebell4k@gravatar.com,Male,181,120
166,Hammad,Bagenal,hbagenal4l@cnn.com,Male,181,78
167,Anatola,Rishman,arishman4m@narod.ru,Female,157,72
168,Zerk,Jahns,zjahns4n@time.com,Male,128,111
169,Selena,Larway,slarway4o@istockphoto.com,Female,185,112
170,Trina,Garn,tgarn4p@shutterfly.com,Female,175,100
171,Alison,Woodcock,awoodcock4q@exblog.jp,Female,128,67
172,Carroll,Padbery,cpadbery4r@slashdot.org,Female,180,46
173,Janessa,Lightbown,jlightbown4s@unesco.org,Female,200,116
174,Winfield,Bogies,wbogies4t@ftc.gov,Male,129,97
175,Christean,Gosnay,cgosnay4u@accuweather.com,Female,140,61
176,Creight,Chatband,cchatband4v@pagesperso-orange.fr,Male,125,118
177,Kora,Arnaldo,karnaldo4w@dmoz.org,Female,179,98
178,Ellsworth,Worwood,eworwood4x@flickr.com,Male,199,78
179,Lucien,Tommeo,ltommeo4y@wisc.edu,Male,166,80
180,Marcie,Sorby,msorby4z@tiny.cc,Female,138,62
181,Heidie,Gatman,hgatman50@salon.com,,154,54
182,Colet,Skep,cskep51@washingtonpost.com,Male,150,93
183,Frederic,Satterfitt,fsatterfitt52@sakura.ne.jp,Male,188,80
184,Brianne,Riepl,briepl53@umich.edu,Female,144,69
185,Merl,Mollitt,mmollitt54@auda.org.au,Female,167,46
186,Charo,Bloxland,cbloxland55@guardian.co.uk,Female,155,78
187,Orv,Gunthorp,ogunthorp56@shinystat.com,Male,186,50
188,Errick,Barton,ebarton57@imdb.com,Male,186,105
189,Lodovico,Daen,ldaen58@fc2.com,Male,154,101
190,Durward,Marquiss,dmarquiss59@aol.com,Male,158,98
191,Sophronia,Calafate,scalafate5a@tinyurl.com,Female,138,106
192,Alisander,Bleacher,ableacher5b@github.io,Male,182,48
193,Gabriela,Kenvin,gkenvin5c@imdb.com,Female,195,97
194,Dennet,Vasilyevski,dvasilyevski5d@mac.com,Male,,90
195,Hettie,Burdell,hburdell5e@google.pl,Female,189,78
196,Sheffie,Verecker,sverecker5f@pen.io,Male,132,48
197,Eve,Gagg,egagg5g@mapquest.com,Female,131,76
198,Rollie,Simmank,rsimmank5h@xinhuanet.com,Male,133,83
199,Harlan,Barr,hbarr5i@w3.org,Male,181,47
200,Woody,Casewell,wcasewell5j@ca.gov,Male,,40
201,Anna-diane,Torrisi,atorrisi5k@lycos.com,Female,183,106
202,Pavla,Sampson,psampson5l@buzzfeed.com,Female,,99
203,Dorree,Lukins,dlukins5m@mysql.com,Female,151,60
204,Nevile,Waddingham,nwaddingham5n@twitter.com,Male,175,102
205,Roy,McIlriach,rmcilriach5o@purevolume.com,Male,200,89
206,Susi,Henrichsen,shenrichsen5p@wsj.com,Female,149,49
207,Cly,Agott,cagott5q@google.it,Male,197,105
208,Bernardo,Tommis,btommis5r@bloglines.com,Male,128,88
209,Rebe,Terren,rterren5s@soundcloud.com,Female,146,55
210,Dur,Lytton,dlytton5t@ed.gov,Male,198,42
211,Aldin,Lermouth,alermouth5u@technorati.com,Male,127,90
212,Kevon,MacKniely,kmackniely5v@umich.edu,Male,154,
213,Gifford,Doubleday,gdoubleday5w@icio.us,Male,131,83
214,Lexi,Letson,lletson5x@timesonline.co.uk,Female,134,83
215,Gerta,Pilmer,gpilmer5y@lycos.com,,139,79
216,Modestine,Spindler,mspindler5z@google.co.uk,Female,183,115
217,Vassili,Faircloth,vfaircloth60@discovery.com,Male,148,88
218,Hetti,Ruskin,hruskin61@mail.ru,,151,120
219,Trude,Bartoletti,tbartoletti62@aboutads.info,Female,134,105
220,Helge,Mease,hmease63@answers.com,Female,194,
221,Barth,Asee,basee64@nih.gov,Male,190,114
222,Isabelle,Chaman,ichaman65@amazonaws.com,Female,178,69
223,Karel,Berfoot,kberfoot66@sitemeter.com,Female,192,74
224,Salli,Clearie,sclearie67@oakley.com,Female,188,89
225,Vitoria,Willcot,vwillcot68@time.com,Female,150,57
226,Hersch,Guilder,hguilder69@springer.com,Male,146,63
227,Rudolfo,Greensted,rgreensted6a@google.co.jp,Male,150,87
228,Ashby,Sturgis,asturgis6b@homestead.com,Male,159,101
229,Thomasa,Goodacre,tgoodacre6c@google.com.hk,Female,125,78
230,Celestia,Schapiro,cschapiro6d@webnode.com,Female,133,97
231,Mollie,Domerque,mdomerque6e@histats.com,Female,178,54
232,Brooks,Corston,bcorston6f@accuweather.com,Female,142,70
233,Krishna,Bendare,kbendare6g@un.org,Male,144,
234,Raynard,Roderick,rroderick6h@bloglines.com,Male,191,72
235,Gonzalo,Vondruska,gvondruska6i@a8.net,Male,148,95
236,Harp,Beadnell,hbeadnell6j@ow.ly,Male,195,93
237,Lianne,Fulk,lfulk6k@flickr.com,Female,158,87
238,Abie,Walcar,awalcar6l@pcworld.com,Male,134,46
239,Felizio,Lippett,flippett6m@skype.com,Male,161,87
240,Stanislas,Rankcom,srankcom6n@exblog.jp,Male,125,110
241,Petunia,Housbie,phousbie6o@tinyurl.com,Female,153,118
242,Shelli,Cammidge,scammidge6p@newsvine.com,Female,137,49
243,Sonny,Dewer,sdewer6q@bbb.org,Female,162,110
244,Michelle,Osipov,mosipov6r@epa.gov,Female,138,66
245,Ruthi,Jados,rjados6s@npr.org,Female,152,106
246,Marleah,Levett,mlevett6t@cnbc.com,Female,200,71
247,Honoria,Pailin,hpailin6u@yahoo.com,Female,176,52
248,Gabriel,Gooden,ggooden6v@pen.io,,175,112
249,Cornelle,Scathard,cscathard6w@economist.com,Female,146,47
250,Orrin,Lalley,olalley6x@altervista.org,Male,144,106
